{"cameraMode":{"drawMode":0,"name":"Shaded","section":"Shading Mode"},"sceneLighting":false,"audioPlay":false,"sceneViewState":{"m_AlwaysRefresh":false,"showFog":true,"showSkybox":false,"showFlares":true,"showImageEffects":true,"showParticleSystems":true,"showVisualEffectGraphs":true,"m_FxEnabled":true},"in2DMode":false,"pivot":{"x":0.10194683074951172,"y":0.9289290904998779,"z":-0.019018173217773439},"rotation":{"x":0.10384628921747208,"y":-0.7110224366188049,"z":0.10746041685342789,"w":0.6871092915534973},"size":6.53892183303833,"orthographic":false}